{"cameraMode":{"drawMode":0,"name":"Shaded","section":"Shading Mode"},"sceneLighting":true,"audioPlay":false,"sceneViewState":{"m_AlwaysRefresh":false,"showFog":true,"showSkybox":true,"showFlares":true,"showImageEffects":true,"showParticleSystems":true,"showVisualEffectGraphs":true,"m_FxEnabled":true},"in2DMode":false,"pivot":{"x":-13.085021018981934,"y":3.1984827518463136,"z":12.199692726135254},"rotation":{"x":0.09514789283275604,"y":0.17676150798797608,"z":-0.01709226332604885,"w":0.9796461462974548},"size":8.5637845993042,"orthographic":false}